82dc40bb-0d5b-410f-bc3f-a4efff03e2bc,6 września 2006,symbol,https://pl.wikipedia.org//wiki/Plik:POL_wojew%C3%B3dztwo_dolno%C5%9Bl%C4%85skie_COA.svg,Poznaniak,https://upload.wikimedia.org/wikipedia/commons/7/7a/POL_wojew%C3%B3dztwo_dolno%C5%9Bl%C4%85skie_COA.svg,"Praca własna, Uchwała Nr XLVII/810/09 Sejmiku Województwa Dolnośląskiego z dnia 17 grudnia 2009 r. w sprawie ustanowienia herbu i flagi heraldycznej Województwa Dolnośląskiego",Polski:Herb województwa dolnośląskiego (od 2009),02
94652248-3777-4048-ade8-da0f1690487e,22 grudnia 2009,flag,https://pl.wikipedia.org//wiki/Plik:POL_wojew%C3%B3dztwo_dolno%C5%9Bl%C4%85skie_flag.svg,Poznaniak,https://upload.wikimedia.org/wikipedia/commons/4/4b/POL_wojew%C3%B3dztwo_dolno%C5%9Bl%C4%85skie_flag.svg,Praca własnaUchwała Nr XLVII/810/09 Sejmiku Województwa Dolnośląskiego z dnia 17 grudnia 2009 r. w sprawie ustanowienia herbu i flagi heraldycznej Województwa Dolnośląskiego,English:Flag of Lower Silesia VoivodeshipPolski:Flaga województwa dolnośląskiegoČeština:Vlajka Dolnoslezského vojvodství.,02
aa9d4f15-1008-4ac8-b64e-86ec9eb71a0e,24 października 2020,detailed_map,https://pl.wikipedia.org//wiki/Plik:Lower_Silesian_Voivodeship_administrative_map.svg,SANtosito,https://upload.wikimedia.org/wikipedia/commons/b/b1/Lower_Silesian_Voivodeship_administrative_map.svg,Praca własna,English:Administrative map ofLower Silesian VoivodeshipPolski:Mapa administracyjna województwa dolnośląskiego,02
2f379d96-7673-4f5c-b4c2-3c5e289014c3,30 listopada 2011,undetailed_map,https://pl.wikipedia.org//wiki/Plik:Lower_Silesian_in_Poland_(%2Brivers).svg,TUBS,https://upload.wikimedia.org/wikipedia/commons/1/12/Lower_Silesian_in_Poland_%28%2Brivers%29.svg,"Praca własnaTa ^specifik^ z W3Cgrafika wektorowazostała stworzona za pomocąAdobe Illustrator.Ten plik został załadowany za pomocą narzędziaCommonist.Tenobraz wektorowyzawiera elementy, które zostały zaczerpnięte lub zaadaptowane z tego pliku:Poland2 location map.svg(przezNordNordWest).",Deutsch:Lage der Woiwodschaft XY (siehe Dateiname) inPolen.English:Location of voivodeship xy  (see filename) inPoland.,02
785082d0-e195-455a-94c0-e98970ed5cb7,maj 2000,symbol,https://pl.wikipedia.org//wiki/Plik:POL_wojew%C3%B3dztwo_kujawsko-pomorskie_COA.svg,Lech Tadeusz Karczewski,https://upload.wikimedia.org/wikipedia/commons/7/79/POL_wojew%C3%B3dztwo_kujawsko-pomorskie_COA.svg,Uchwała Nr 444/2000 Sejmiku Województwa Kujawsko-Pomorskiego z dnia 10 lipca 2000 r.CDR filefrom Urząd Marszałkowski Województwa Kujawsko-Pomorskiego,Polski:Herb województwa kujawsko-pomorskiegoEnglish:Kuyavian-Pomeranian Voivodship Coat of Arms,04
46cd6387-daec-4f0d-962d-3fa3d0f3aab4,28 grudnia 2010,flag,https://pl.wikipedia.org//wiki/Plik:POL_wojew%C3%B3dztwo_kujawsko-pomorskie_flag.svg,"Lech Tadeusz Karczewski (2000), then changed ratio (2009)",https://upload.wikimedia.org/wikipedia/commons/a/a2/POL_wojew%C3%B3dztwo_kujawsko-pomorskie_flag.svg,"Praca własnabased on:Uchwała Nr 444/2000 Sejmiku Województwa Kujawsko-Pomorskiego z dnia 10 lipca 2000 r. w sprawie ustanowienia wzoru herbu, flagi i sztandaru oraz innych insygniów Województwa Kujawsko-Pomorskiego (Dz. Urz. woj. kujawsko-pomorskiego z 2000 r. Nr 78, poz. 618)Uchwała Nr XXXVI/913/09 Sejmiku Województwa Kujawsko-Pomorskiego z dnia 29 czerwca 2009 r. zmieniająca uchwałę w sprawie ustanowienia wzoru herbu, flagi i sztandaru oraz innych insygniów Województwa Kujawsko-Pomorskiego. (Dz. Urz. woj. kujawsko-pomorskiego z 2009 r. Nr 75, poz. 1376)",Polski:Flaga województwa kujawsko-pomorskiegoБеларуская (тарашкевіца):Ściag Kujaŭska-Pamorskaga vajavodztvaČeština:Vlajka Kujavsko-pomořského vojvodstvíDeutsch:Flagge Woiwodschaft Kujawien-PommernEnglish:Flag of the Kujavian-Pomeranian VoivodeshipEsperanto:Flago de Kujavia-Pomeria ProvincoRomână:Drapelul Voievodatului Cuiavia şi PomeraniaУкраїнська:Prapor Kujawśko-Pomorśkogo woewodstwa,04
79ff042e-65e6-4c12-945c-ffd0f63e9d4c,30 października 2020,detailed_map,https://pl.wikipedia.org//wiki/Plik:Kuyavian-Pomeranian_Voivodeship_administrative_map.svg,SANtosito,https://upload.wikimedia.org/wikipedia/commons/b/ba/Kuyavian-Pomeranian_Voivodeship_administrative_map.svg,Praca własna,English:Administrative map ofKuyavian-Pomeranian VoivodeshipPolski:Mapa administracyjna województwa kujawsko-pomorskiego,04
a01fdecd-1fa8-42c8-be29-5e36089edba0,30 listopada 2011,undetailed_map,https://pl.wikipedia.org//wiki/Plik:Kuyavian-Pomeranian_in_Poland_(%2Brivers).svg,TUBS,https://upload.wikimedia.org/wikipedia/commons/8/8f/Kuyavian-Pomeranian_in_Poland_%28%2Brivers%29.svg,"Praca własnaTenobraz wektorowyzawiera elementy, które zostały zaczerpnięte lub zaadaptowane z tego pliku:Poland2 location map.svg(przezNordNordWest).",Deutsch:Lage der Woiwodschaft Kuyavian-Pomeranian inPolen.English:Location of voivodeship Kuyavian-Pomeranian inPoland.,04
3c8e4391-8d93-4d2e-b976-7b88c917a4f6,21 lipca 2006,symbol,https://pl.wikipedia.org//wiki/Plik:POL_wojew%C3%B3dztwo_lubelskie_COA.svg,MesserWoland,https://upload.wikimedia.org/wikipedia/commons/4/4d/POL_wojew%C3%B3dztwo_lubelskie_COA.svg,own work created in Inkscape,Polski:herb województwa lubelskiego,06
e833c283-3b9c-4bb6-b5d6-0c6c0b1126c8,25 czerwca 2007,flag,https://pl.wikipedia.org//wiki/Plik:POL_wojew%C3%B3dztwo_lubelskie_flag.svg,Poznaniak,https://upload.wikimedia.org/wikipedia/commons/7/70/POL_wojew%C3%B3dztwo_lubelskie_flag.svg,Praca własna,Flagawojewództwa lubelskiego,06
6832d5db-6931-4de3-9310-210c295d4f68,9 listopada 2020,detailed_map,https://pl.wikipedia.org//wiki/Plik:Lublin_Voivodeship_administrative_map.svg,SANtosito,https://upload.wikimedia.org/wikipedia/commons/a/aa/Lublin_Voivodeship_administrative_map.svg,Praca własna,English:Administrative map ofLublin VoivodeshipPolski:Mapa administracyjna województwa lubelskiego,06
f14f19ee-949c-4c5e-853b-cd4fb2ff87c1,30 listopada 2011,undetailed_map,https://pl.wikipedia.org//wiki/Plik:Lublin_in_Poland_(%2Brivers).svg,TUBS,https://upload.wikimedia.org/wikipedia/commons/9/94/Lublin_in_Poland_%28%2Brivers%29.svg,"Praca własnaTa ^specifik^ z W3Cgrafika wektorowazostała stworzona za pomocąAdobe Illustrator.Ten plik został załadowany za pomocą narzędziaCommonist.Tenobraz wektorowyzawiera elementy, które zostały zaczerpnięte lub zaadaptowane z tego pliku:Poland2 location map.svg(przezNordNordWest).",Deutsch:Lage der Woiwodschaft XY (siehe Dateiname) inPolen.English:Location of voivodeship xy  (see filename) inPoland.,06
2eb1bd42-3719-4fe3-b411-617824c4b737,15 sierpnia 2006(published on Commons),symbol,https://pl.wikipedia.org//wiki/Plik:POL_wojew%C3%B3dztwo_lubuskie_COA.svg,"Wojciech Strzyżewski, vector versionBastian",https://upload.wikimedia.org/wikipedia/commons/c/c6/POL_wojew%C3%B3dztwo_lubuskie_COA.svg,"Ta ^specifik^ z W3Cgrafika wektorowazostała stworzona za pomocąInkscape.(based on raster version)Załącznik Nr 1 do Uchwały Nr XVIII/114/2000 Sejmiku Województwa Lubuskiego z dnia 26 czerwca 2000 r. w sprawie ustanowienia herbu, barw i flagi Województwa Lubuskiego (Dz. Urz. Woj. Lubuskiego z 2000 r. Nr 18, poz 164)","Polski:Herb województwawojewództwa lubuskiegoEnglish:Lubuskie Voivodship Coat of Arms, with dimidiated eagle",08
7bb71d03-a76c-4914-aa25-be2d8cf3a46e,"2000, 2011-09-08",flag,https://pl.wikipedia.org//wiki/Plik:POL_wojew%C3%B3dztwo_lubuskie_flag.svg,vectorization:JDavid,https://upload.wikimedia.org/wikipedia/commons/0/01/POL_wojew%C3%B3dztwo_lubuskie_flag.svg,"Praca własna, based on:Załącznik Nr 2 do Uchwały Nr XVIII/114/2000 Sejmiku Województwa Lubuskiego z dnia 26 czerwca 2000 r. w sprawie ustanowienia herbu, barw i flagi Województwa Lubuskiego (Dz. Urz. Woj. Lubuskiego z 2000 r. Nr 18, poz 164)Colours fromZałącznikdo Uchwały Nr 177/1245/09 Zarządu Województwa Lubuskiego z dnia 28 kwietnia 2009 r.",Polski:Flaga województwa lubuskiegoБеларуская (тарашкевіца):Ściag Łiubuskaga vajavodztvaČeština:Vlajka Lubušského vojvodstvíDeutsch:Flagge Woiwodschaft LebusEnglish:Flag of Lubuskie VoivodeshipEsperanto:Flago de Lubuŝa ProvincoУкраїнська:Prapor Ljubuśkogo woewodstwa↑↑,08
5d351101-9a13-4237-b8f3-cafc37c434fe,26 października 2020,detailed_map,https://pl.wikipedia.org//wiki/Plik:Lubusz_Voivodeship_administrative_map.svg,SANtosito,https://upload.wikimedia.org/wikipedia/commons/f/f0/Lubusz_Voivodeship_administrative_map.svg,Praca własna,English:Administrative map ofLubusz VoivodeshipPolski:Mapa administracyjna województwa lubuskiego,08
87d07461-09c3-48dc-b8e5-e717b1beda17,30 listopada 2011,undetailed_map,https://pl.wikipedia.org//wiki/Plik:Lubusz_in_Poland_(%2Brivers).svg,TUBS,https://upload.wikimedia.org/wikipedia/commons/4/40/Lubusz_in_Poland_%28%2Brivers%29.svg,"Praca własnaTa ^specifik^ z W3Cgrafika wektorowazostała stworzona za pomocąAdobe Illustrator.Ten plik został załadowany za pomocą narzędziaCommonist.Tenobraz wektorowyzawiera elementy, które zostały zaczerpnięte lub zaadaptowane z tego pliku:Poland2 location map.svg(przezNordNordWest).",Deutsch:Lage der Woiwodschaft XY (siehe Dateiname) inPolen.English:Location of voivodeship xy  (see filename) inPoland.,08
dc206e6a-6a75-4efb-97d8-3d4cb1e3694c,19 sierpnia 2006(published on Commons),symbol,https://pl.wikipedia.org//wiki/Plik:POL_wojew%C3%B3dztwo_%C5%82%C3%B3dzkie_COA.svg,Bastian(vector version),https://upload.wikimedia.org/wikipedia/commons/a/af/POL_wojew%C3%B3dztwo_%C5%82%C3%B3dzkie_COA.svg,Ta ^specifik^ z W3Cgrafika wektorowazostała stworzona za pomocąInkscape.(based on raster version),"Polski:Herb województwa łódzkiegoEnglish:Coat of Arms of Łódź Voivodeship, PolandУкраїнська:Герб Лодзького воєводства (Польща)",10
3aa1bb16-e5dd-4bac-844a-b5ac1118f971,19 sierpnia 2006,flag,https://pl.wikipedia.org//wiki/Plik:POL_wojew%C3%B3dztwo_%C5%82%C3%B3dzkie_1_flag.svg,Bastianow(Bastian),https://upload.wikimedia.org/wikipedia/commons/5/5b/POL_wojew%C3%B3dztwo_%C5%82%C3%B3dzkie_1_flag.svg,Ta ^specifik^ z W3Cgrafika wektorowazostała stworzona za pomocąInkscapeprzezBastianowa(Bastiana) .,Polski:Flaga województwa łódzkiegoБеларуская (тарашкевіца):ŚciagŁodzinskaga vajavodztvaČeština:VlajkaLodžského vojvodstvíDeutsch:FlaggeWoiwodschaft LodzEnglish:Flag ofŁódź VoivodeshipEsperanto:Flago deLodza ProvincoУкраїнська:PraporŁodźkogo woewodstwa,10
f9726ebd-f9ff-4a87-a2bb-f09e3fce1233,2 listopada 2020,detailed_map,https://pl.wikipedia.org//wiki/Plik:%C5%81%C3%B3d%C5%BA_Voivodeship_administrative_map.svg,SANtosito,https://upload.wikimedia.org/wikipedia/commons/7/7b/%C5%81%C3%B3d%C5%BA_Voivodeship_administrative_map.svg,Praca własna,English:Administrative map ofŁódź VoivodeshipPolski:Mapa administracyjna województwa łódzkiego,10
899caa40-0b5e-4bbb-a31e-4fd7de72d736,30 listopada 2011,undetailed_map,https://pl.wikipedia.org//wiki/Plik:Lodz_in_Poland_(%2Brivers).svg,TUBS,https://upload.wikimedia.org/wikipedia/commons/9/9b/Lodz_in_Poland_%28%2Brivers%29.svg,"Praca własnaTa ^specifik^ z W3Cgrafika wektorowazostała stworzona za pomocąAdobe Illustrator.Ten plik został załadowany za pomocą narzędziaCommonist.Tenobraz wektorowyzawiera elementy, które zostały zaczerpnięte lub zaadaptowane z tego pliku:Poland2 location map.svg(przezNordNordWest).",Deutsch:Lage der Woiwodschaft XY (siehe Dateiname) inPolen.English:Location of voivodeship xy  (see filename) inPoland.,10
477fb6d5-51ef-4a30-aa4e-adabf2ee9c27,15.10.2011 r.,symbol,https://pl.wikipedia.org//wiki/Plik:POL_wojew%C3%B3dztwo_ma%C5%82opolskie_COA.svg,Poznaniak,https://upload.wikimedia.org/wikipedia/commons/d/d2/POL_wojew%C3%B3dztwo_ma%C5%82opolskie_COA.svg,Praca własna,Herbwojewództwa małopolskiego,12
7dc49c89-30b1-42a2-8744-0b8263460e40,12 czerwca 2006(upload to Commons),flag,https://pl.wikipedia.org//wiki/Plik:POL_wojew%C3%B3dztwo_ma%C5%82opolskie_flag.svg,vector versionBastian,https://upload.wikimedia.org/wikipedia/commons/8/80/POL_wojew%C3%B3dztwo_ma%C5%82opolskie_flag.svg,Ta ^specifik^ z W3Cgrafika wektorowazostała stworzona za pomocąInkscape.Basing onImage:Malopolskie flaga.PNGUchwała Nr VIII/73/99 Sejmiku Województwa Małopolskiego z dnia 24 maja 1999 r. ws. herbu i flagi Województwa Małopolskiego,Polski:Flaga województwawojewództwa małopolskiegoEnglish:Małopolskie Voivodship flag,12
af0281e1-caee-4a59-b9d0-d0c7c09673a6,28 października 2020,detailed_map,https://pl.wikipedia.org//wiki/Plik:Lesser_Poland_Voivodeship_administrative_map.svg,SANtosito,https://upload.wikimedia.org/wikipedia/commons/c/c4/Lesser_Poland_Voivodeship_administrative_map.svg,Praca własna,English:Administrative map ofLesser Poland VoivodeshipPolski:Mapa administracyjna województwa małopolskiego,12
ec88ac5f-0074-4fa4-98ff-7acb84726f1b,30 listopada 2011,undetailed_map,https://pl.wikipedia.org//wiki/Plik:Lesser_Poland_in_Poland_(%2Brivers).svg,TUBS,https://upload.wikimedia.org/wikipedia/commons/5/58/Lesser_Poland_in_Poland_%28%2Brivers%29.svg,"Praca własnaTa ^specifik^ z W3Cgrafika wektorowazostała stworzona za pomocąAdobe Illustrator.Ten plik został załadowany za pomocą narzędziaCommonist.Tenobraz wektorowyzawiera elementy, które zostały zaczerpnięte lub zaadaptowane z tego pliku:Poland2 location map.svg(przezNordNordWest).",Deutsch:Lage der Woiwodschaft XY (siehe Dateiname) inPolen.English:Location of voivodeship xy  (see filename) inPoland.,12
31db35b4-a5db-435d-82e0-e0a33be34a6b,"2006, vectorization: 2006-06-19",symbol,https://pl.wikipedia.org//wiki/Plik:POL_wojew%C3%B3dztwo_mazowieckie_COA.svg,vectorization:Poznaniak,https://upload.wikimedia.org/wikipedia/commons/6/69/POL_wojew%C3%B3dztwo_mazowieckie_COA.svg,"Praca własna, based on:Uchwała Nr 90/06 Sejmiku Województwa Mazowieckiego z dnia 29 maja 2006 r. ws. wzoru herbu Województwa Mazowieckiego oraz zasad jego używaniared colour -- Pantone 185 C ↔ RGB 230/13/46yellow colour -- Pantone 130 C ↔ RGB 232/176/18",Polski:Herbwojewództwa mazowieckiego(od 29 maja 2006)English:Coat of arms ofMasovian Voivodship(since 29 May 2006)Français :Blason du voivodine de Masovie (depuis le 29 mai 2006),14
f4be796b-98a7-4b82-8152-cd4e9adc52ca,16 lutego 2011(upload to Commons),flag,https://pl.wikipedia.org//wiki/Plik:POL_wojew%C3%B3dztwo_mazowieckie_flag.svg,Poznaniak,https://upload.wikimedia.org/wikipedia/commons/3/33/POL_wojew%C3%B3dztwo_mazowieckie_flag.svg,own work (based on images fromwww.mazovia.pl),Polski:Flagawojewództwa mazowieckiegoEnglish:Masovian Voivodshipflag,14
a1b752f9-4381-40d5-944d-41d678286fc9,11 marca 2021,detailed_map,https://pl.wikipedia.org//wiki/Plik:Masovian_Voivodeship_administrative_map.svg,SANtosito,https://upload.wikimedia.org/wikipedia/commons/f/fb/Masovian_Voivodeship_administrative_map.svg,Praca własna,English:Administrative map ofMasovian VoivodeshipPolski:Mapa administracyjna województwa mazowieckiego,14
4890a508-6374-436e-9cbf-ca3cb862bb3e,30 listopada 2011,undetailed_map,https://pl.wikipedia.org//wiki/Plik:Masovian_in_Poland_(%2Brivers).svg,TUBS,https://upload.wikimedia.org/wikipedia/commons/5/57/Masovian_in_Poland_%28%2Brivers%29.svg,"Praca własnaTa ^specifik^ z W3Cgrafika wektorowazostała stworzona za pomocąAdobe Illustrator.Ten plik został załadowany za pomocą narzędziaCommonist.Tenobraz wektorowyzawiera elementy, które zostały zaczerpnięte lub zaadaptowane z tego pliku:Poland2 location map.svg(przezNordNordWest).",Deutsch:Lage der Woiwodschaft XY (siehe Dateiname) inPolen.English:Location of voivodeship xy  (see filename) inPoland.,14
3a022990-e99d-4dc3-be2e-1be20344c944,"2000, vectorization 2011-02-15",symbol,https://pl.wikipedia.org//wiki/Plik:POL_wojew%C3%B3dztwo_opolskie_COA.svg,"project: Leszek Ołdak, Marian Panic, Bolesław Polnar, vectorization:Poznaniak",https://upload.wikimedia.org/wikipedia/commons/5/57/POL_wojew%C3%B3dztwo_opolskie_COA.svg,"Praca własnabased onUchwała Nr XXIV/179/2000 Sejmiku Województwa Opolskiego z dnia 28 grudnia 2000 r. ws. ustanowienia herbu Województwa Opolskiego (Dz. Urz. Woj. Opolskiego z 2001 r. Nr 28, poz. 158)",Polski:Herb województwa opolskiegoČeština:Znak Opolského vojvodstvíDeutsch:Wappen der Woiwodschaft OppelnEnglish:Coat of arms of Opolskie VoivodshipEspañol:Bandera de Voivodato de OpoleFrançais :Blason de la voïvodie d'Opole,16
b89aa8c1-975d-4ec6-8021-4af5b6ec0090,"2004, vectorization 2011-01-18",flag,https://pl.wikipedia.org//wiki/Plik:POL_wojew%C3%B3dztwo_opolskie_flag.svg,"Michał Marciniak-Kożuchowski, vectorizationJDavid",https://upload.wikimedia.org/wikipedia/commons/a/a0/POL_wojew%C3%B3dztwo_opolskie_flag.svg,"Praca własna, based on:Załącznik Nr 1 do Uchwały Nr XXIX/254/2004 Sejmiku Województwa Opolskiego z dnia 21 grudnia 2004 r. ws. ustanowienia flag Województwa Opolskiego (Dz. Urz. Woj. Opolskiego z 2005 r. Nr 4, poz. 119)",5:8↑↑Polski:Flaga terytorialna województwa opolskiegoČeština:Vlajka Opolského vojvodstvíDeutsch:Flagge der Woiwodschaft OppelnEnglish:Flag of the Opole VoivodeshipEspañol:Bandera de Voivodato de OpoleFrançais :Drapeau de la voïvodie d'OpoleNederlands:Vlag van de Woiwodschap Opole,16
83ec7dad-fea7-43c1-8cfa-5c12fb72e87c,22 października 2020,detailed_map,https://pl.wikipedia.org//wiki/Plik:Opole_Voivodeship_administrative_map.svg,SANtosito,https://upload.wikimedia.org/wikipedia/commons/0/04/Opole_Voivodeship_administrative_map.svg,Praca własna,English:Administrative map ofOpole VoivodeshipPolski:Mapa administracyjna województwa opolskiego,16
d68e7c68-b0f1-4949-9b6f-7c6eb136e4c0,30 listopada 2011,undetailed_map,https://pl.wikipedia.org//wiki/Plik:Opolskie_in_Poland_(%2Brivers).svg,TUBS,https://upload.wikimedia.org/wikipedia/commons/5/53/Opolskie_in_Poland_%28%2Brivers%29.svg,"Praca własnaTa ^specifik^ z W3Cgrafika wektorowazostała stworzona za pomocąAdobe Illustrator.Ten plik został załadowany za pomocą narzędziaCommonist.Tenobraz wektorowyzawiera elementy, które zostały zaczerpnięte lub zaadaptowane z tego pliku:Poland2 location map.svg(przezNordNordWest).",Deutsch:Lage der Woiwodschaft XY (siehe Dateiname) inPolen.English:Location of voivodeship xy  (see filename) inPoland.,16
06d0c329-6fac-4523-b70d-a92ef4a40fa6,,symbol,https://pl.wikipedia.org//wiki/Plik:POL_wojew%C3%B3dztwo_podkarpackie_COA.svg,Brak informacji oautorzetego pliku.,https://upload.wikimedia.org/wikipedia/commons/6/61/POL_wojew%C3%B3dztwo_podkarpackie_COA.svg,Public,English:Podkarpacie Voivodshipcoat of armsPolski:Herbwojewództwa podkarpackiego,18
8005e540-7ee8-4358-ad55-7264a574dff8,28 maja 2006,flag,https://pl.wikipedia.org//wiki/Plik:POL_wojew%C3%B3dztwo_podkarpackie_flag.svg,Mirosław Toton (mir@),https://upload.wikimedia.org/wikipedia/commons/9/94/POL_wojew%C3%B3dztwo_podkarpackie_flag.svg,Praca własna,Polski:Flaga województwa podkarpackiegoБеларуская (тарашкевіца):Ściag Padkarpackaie vajavodztvaČeština:Vlajka Podkarpatského vojvodstvíDeutsch:Flagge Woiwodschaft KarpatenvorlandEnglish:Flag of Subcarpathian Voivodeship flagFrançais :Drapeau de la voïvodie des Basses-CarpatesEsperanto:Flago de Ĉekarpata ProvincoRomână:Drapelul Voievodatului PodcarpațieiУкраїнська:Prapor Pidkarpatśkogo woewodstwa,18
2dc7b3cb-b956-4505-8654-84fe6cbc89d8,11 listopada 2020,detailed_map,https://pl.wikipedia.org//wiki/Plik:Podkarpackie_Voivodeship_administrative_map.svg,SANtosito,https://upload.wikimedia.org/wikipedia/commons/7/7b/Podkarpackie_Voivodeship_administrative_map.svg,Praca własna,English:Administrative map ofPodkarpackie VoivodeshipPolski:Mapa administracyjna województwa podkarpackiego,18
bc084622-cbf9-40a2-b595-c1437e635014,30 listopada 2011,undetailed_map,https://pl.wikipedia.org//wiki/Plik:Podkarpackie_in_Poland_(%2Brivers).svg,TUBS,https://upload.wikimedia.org/wikipedia/commons/9/9e/Podkarpackie_in_Poland_%28%2Brivers%29.svg,"Praca własnaTa ^specifik^ z W3Cgrafika wektorowazostała stworzona za pomocąAdobe Illustrator.Ten plik został załadowany za pomocą narzędziaCommonist.Tenobraz wektorowyzawiera elementy, które zostały zaczerpnięte lub zaadaptowane z tego pliku:Poland2 location map.svg(przezNordNordWest).",Deutsch:Lage der Woiwodschaft XY (siehe Dateiname) inPolen.English:Location of voivodeship xy  (see filename) inPoland.,18
bce63c7a-e664-4318-a927-8829081ad985,15 czerwca 2006,symbol,https://pl.wikipedia.org//wiki/Plik:POL_wojew%C3%B3dztwo_podlaskie_COA.svg,Ta ^specifik^ z W3Cgrafika wektorowazostała stworzona za pomocąInkscapeprzez based on raster version.,https://upload.wikimedia.org/wikipedia/commons/e/e4/POL_wojew%C3%B3dztwo_podlaskie_COA.svg,Uchwała Nr XXXIII/251/01 Sejmiku Województwa Podlaskiego z dnia 19 lutego 2001 roku w sprawie ustanowienia Herbu Województwa Podlaskiego,English:Coat of Arms of thePodlachian Voivodeship.Polski:HerbWojewództwa podlaskiego.Русский:ГербПодляского воеводства.,20
4bae369b-3257-4bbd-b805-ef01bed9fc44,2011,flag,https://pl.wikipedia.org//wiki/Plik:POL_wojew%C3%B3dztwo_podlaskie_flag.svg,vectorizationJDavid,https://upload.wikimedia.org/wikipedia/commons/4/41/POL_wojew%C3%B3dztwo_podlaskie_flag.svg,Uchwała Nr LIV/448/02 Sejmiku Województwa Podlaskiego z dnia 30 sierpnia 2002 r. ws. ustanowienia flagi Województwa Podlaskiego,English:Flag of thePodlachian Voivodeship.Polski:FlagaWojewództwa podlaskiego.Русский:ФлагПодляского воеводства.,20
c4f44795-487b-4650-947c-701526cc0e7c,6 listopada 2020,detailed_map,https://pl.wikipedia.org//wiki/Plik:Podlaskie_Voivodeship_administrative_map.svg,SANtosito,https://upload.wikimedia.org/wikipedia/commons/2/26/Podlaskie_Voivodeship_administrative_map.svg,Praca własna,English:Administrative map ofPodlaskie VoivodeshipPolski:Mapa administracyjna województwa podlaskiego,20
5f467acd-7bcc-463e-a270-19cb5a694e7e,30 listopada 2011,undetailed_map,https://pl.wikipedia.org//wiki/Plik:Podlaskie_in_Poland_(%2Brivers).svg,TUBS,https://upload.wikimedia.org/wikipedia/commons/1/12/Podlaskie_in_Poland_%28%2Brivers%29.svg,"Praca własnaTa ^specifik^ z W3Cgrafika wektorowazostała stworzona za pomocąAdobe Illustrator.Ten plik został załadowany za pomocą narzędziaCommonist.Tenobraz wektorowyzawiera elementy, które zostały zaczerpnięte lub zaadaptowane z tego pliku:Poland2 location map.svg(przezNordNordWest).",Deutsch:Lage der Woiwodschaft XY (siehe Dateiname) inPolen.English:Location of voivodeship xy  (see filename) inPoland.,20
58487b58-0728-47d3-83d3-657227e524cc,"2002, vectorization 2006-06-15 (published on Commons)",symbol,https://pl.wikipedia.org//wiki/Plik:POL_wojew%C3%B3dztwo_pomorskie_COA.svg,Bastianow(vector version),https://upload.wikimedia.org/wikipedia/commons/3/3b/POL_wojew%C3%B3dztwo_pomorskie_COA.svg,Ta ^specifik^ z W3Cgrafika wektorowazostała stworzona za pomocąInkscape.(based on raster version)Załącznik do Uchwały Nr 517/XXXVIII/02 Sejmiku Województwa Pomorskiego z dnia 28 stycznia 2002 r. ws. ustanowienia herbu Województwa Pomorskiego,Polski:Wzórherbu województwa pomorskiegoEnglish:Coat of arms of Pomorskie Voivodship,22
628a04ed-8457-4ce2-b3c8-c8b3589dcbb2,sierpień 2006,flag,https://pl.wikipedia.org//wiki/Plik:POL_wojew%C3%B3dztwo_pomorskie_flag.svg,Ta ^specifik^ z W3Cgrafika wektorowazostała stworzona za pomocąInkscape.,https://upload.wikimedia.org/wikipedia/commons/5/5c/POL_wojew%C3%B3dztwo_pomorskie_flag.svg,"Praca własna, based on:Uchwała Nr 542/XL/02 Sejmiku Województwa Pomorskiego z dnia 25 marca 2002 roku w sprawie: ustanowienia wzoru flagi Województwa Pomorskiego",Polski:Flaga województwa pomorskiegoEnglish:Flag of the Pomeranian Voivodeship (since 2002),22
17ae9f2d-15bb-48d9-b2c4-4f40f7534ceb,7 listopada 2020,detailed_map,https://pl.wikipedia.org//wiki/Plik:Pomeranian_Voivodeship_administrative_map.svg,SANtosito,https://upload.wikimedia.org/wikipedia/commons/9/9f/Pomeranian_Voivodeship_administrative_map.svg,Praca własna,English:Administrative map ofPomeranian VoivodeshipPolski:Mapa administracyjna województwa pomorskiego,22
e5456e26-a5e6-46cc-adfa-d333a6cafdb8,30 listopada 2011,undetailed_map,https://pl.wikipedia.org//wiki/Plik:Pomeranian_in_Poland_(%2Brivers).svg,TUBS,https://upload.wikimedia.org/wikipedia/commons/5/5f/Pomeranian_in_Poland_%28%2Brivers%29.svg,"Praca własnaTa ^specifik^ z W3Cgrafika wektorowazostała stworzona za pomocąAdobe Illustrator.Ten plik został załadowany za pomocą narzędziaCommonist.Tenobraz wektorowyzawiera elementy, które zostały zaczerpnięte lub zaadaptowane z tego pliku:Poland2 location map.svg(przezNordNordWest).",Deutsch:Lage der Woiwodschaft XY (siehe Dateiname) inPolen.English:Location of voivodeship xy  (see filename) inPoland.,22
9cf248cb-8907-45c6-a753-2a3cb597a37b,"2001, vectorization 2011-02-14",symbol,https://pl.wikipedia.org//wiki/Plik:POL_wojew%C3%B3dztwo_%C5%9Bl%C4%85skie_COA.svg,"project: Barbara Widłak, vectorization:Poznaniak",https://upload.wikimedia.org/wikipedia/commons/c/c9/POL_wojew%C3%B3dztwo_%C5%9Bl%C4%85skie_COA.svg,"Praca własna, based on:Załącznik do Uchwały Nr I/36/5/2001 Sejmiku Województwa Śląskiego z dnia 11 czerwca 2001 r. ws. ustanowienia herbu Województwa Śląskiego (Dz. Urz. Woj. Śląskiego z 2001 r. Nr 46, poz. 1160)",Polski:Herb województwa śląskiegoDeutsch:Wappen der Woiwodschaft SchlesienEnglish:Coat of arms of Silesian Voivodeship in PolandEspañol:Escudo de Voivodato de SilesiaFrançais :Blason de la voïvodie de Silésie,24
59612ea2-0ea1-42c8-b208-fef7daf6a5ff,11 stycznia 2011,flag,https://pl.wikipedia.org//wiki/Plik:POL_wojew%C3%B3dztwo_%C5%9Bl%C4%85skie_flag.svg,"Barbara Widłak, vectorizationJDavid",https://upload.wikimedia.org/wikipedia/commons/5/5b/POL_wojew%C3%B3dztwo_%C5%9Bl%C4%85skie_flag.svg,"Praca własna, based on:Uchwała Sejmiku Województwa Śląskiego Nr I/36/6/2001 z dnia 11 czerwca 2001 roku ws. ustanowienia flag Województwa Śląskiego (Dz. Urz. Woj. Śląskiego z 2001 r. Nr 46, poz. 1161)Załącznik do Uchwały Sejmiku Województwa Śląskiego Nr I/49/16/2002 z dnia 15 kwietnia 2002 roku (§2. pkt 1.)Manual with Pantone colour system nameson Urząd Marszałkowski Województwa Śląskiego WebsiteBarbara WidłakAkademia Sztuk Pięknych w Krakowie",5:8↑↑Pantone 116 CVC –– RGB 252/209/22Pantone 2728 CVC –– RGB 48/68/181Polski:Flaga województwa śląskiegoČeština:Vlajka Slezského vojvodství.Deutsch:Flagge der Woiwodschaft SchlesienEnglish:Flag of the Silesian VoivodeshipEspañol:Bandera de Voivodato de SilesiaFrançais :Drapeau de la voïvodie de SilésieItaliano:Bandiera del Voivodato di SlesiaNederlands:Vlag van de Silezische WoiwodschapSlovenčina:Vlajka - Sliezske vojvodstvoУкраїнська:Прапор Сілезького воєводства,24
d457a5cf-d1d9-4390-873e-fb690c76f14c,20 października 2020,detailed_map,https://pl.wikipedia.org//wiki/Plik:Silesian_Voivodeship_administrative_map.svg,SANtosito,https://upload.wikimedia.org/wikipedia/commons/e/ea/Silesian_Voivodeship_administrative_map.svg,Praca własna,English:Administrative map ofSilesian VoivodeshipPolski:Mapa administracyjna województwa śląskiego,24
c9c45d7e-cf1f-4621-8eed-66a385f2f75b,30 listopada 2011,undetailed_map,https://pl.wikipedia.org//wiki/Plik:Silesian_in_Poland_(%2Brivers).svg,TUBS,https://upload.wikimedia.org/wikipedia/commons/7/7d/Silesian_in_Poland_%28%2Brivers%29.svg,"Praca własnaTa ^specifik^ z W3Cgrafika wektorowazostała stworzona za pomocąAdobe Illustrator.Ten plik został załadowany za pomocą narzędziaCommonist.Tenobraz wektorowyzawiera elementy, które zostały zaczerpnięte lub zaadaptowane z tego pliku:Poland2 location map.svg(przezNordNordWest).",Deutsch:Lage der Woiwodschaft XY (siehe Dateiname) inPolen.English:Location of voivodeship xy  (see filename) inPoland.,24
026eb720-b289-48d0-adee-f218605e0069,4 lutego 2013,symbol,https://pl.wikipedia.org//wiki/Plik:POL_wojew%C3%B3dztwo_%C5%9Bwi%C4%99tokrzyskie_COA.svg,Poznaniak,https://upload.wikimedia.org/wikipedia/commons/3/36/POL_wojew%C3%B3dztwo_%C5%9Bwi%C4%99tokrzyskie_COA.svg,"własna praca na podstawie: Uchwała Nr XXVI/472/12 Sejmiku Województwa Świętokrzyskiego z dnia 28 grudnia 2012 r. w sprawie ustanowienia Herbu Województwa Świętokrzyskiego (Dz. Urz. Woj. Świętokrzyskiego z 2013 r. Nr BRAK, poz. 711)",Herbwojewództwa świętokrzyskiego,26
323714c0-3731-4a93-83de-1b339ba673bb,4 lutego 2013,flag,https://pl.wikipedia.org//wiki/Plik:POL_wojew%C3%B3dztwo_%C5%9Bwi%C4%99tokrzyskie_flag.svg,Poznaniak,https://upload.wikimedia.org/wikipedia/commons/6/69/POL_wojew%C3%B3dztwo_%C5%9Bwi%C4%99tokrzyskie_flag.svg,"własna praca na podstawie: Uchwała Nr XXVI/474/12 Sejmiku Województwa Świętokrzyskiego z dnia 28 grudnia 2012 r. w sprawie ustanowienia, ustalenia zasad używania i stosowania flagi oraz insygniów Województwa Świętokrzyskiego (Dz. Urz. Woj. Świętokrzyskiego z 2013 r. Nr BRAK, poz. 713)",Flagawojewództwa świętokrzyskiego,26
75617151-8536-4d01-8bae-2684ed4d6fe0,3 listopada 2020,detailed_map,https://pl.wikipedia.org//wiki/Plik:%C5%9Awi%C4%99tokrzyskie_Voivodeship_administrative_map.svg,SANtosito,https://upload.wikimedia.org/wikipedia/commons/4/4d/%C5%9Awi%C4%99tokrzyskie_Voivodeship_administrative_map.svg,Praca własna,English:Administrative map ofŚwiętokrzyskie VoivodeshipPolski:Mapa administracyjna województwa świętokrzyskiego,26
f2a09d28-ce78-4ceb-b156-082e4facff99,30 listopada 2011,undetailed_map,https://pl.wikipedia.org//wiki/Plik:Swietokrzyskie_in_Poland_(%2Brivers).svg,TUBS,https://upload.wikimedia.org/wikipedia/commons/b/b5/Swietokrzyskie_in_Poland_%28%2Brivers%29.svg,"Praca własnaTa ^specifik^ z W3Cgrafika wektorowazostała stworzona za pomocąAdobe Illustrator.Ten plik został załadowany za pomocą narzędziaCommonist.Tenobraz wektorowyzawiera elementy, które zostały zaczerpnięte lub zaadaptowane z tego pliku:Poland2 location map.svg(przezNordNordWest).",Deutsch:Lage der Woiwodschaft XY (siehe Dateiname) inPolen.English:Location of voivodeship xy  (see filename) inPoland.,26
0e4b2a32-c694-4022-b0e4-2998d356819b,2002,symbol,https://pl.wikipedia.org//wiki/Plik:POL_wojew%C3%B3dztwo_warmi%C5%84sko-mazurskie_COA.svg,Paweł Dudziński,https://upload.wikimedia.org/wikipedia/commons/c/c0/POL_wojew%C3%B3dztwo_warmi%C5%84sko-mazurskie_COA.svg,"converted from EPS to SVG.
Source:www.mazury.plZałącznik Nr 1 do Uchwały Nr XXXIX/561/02 Sejmiku Województwa Warmińsko-Mazurskiego z dnia 6 sierpnia 2002 r.red colour — Pantone 1795 C → RGB 209/36/33gold colour — Pantone 109 C → RGB 247/212/23",Polski:Herb województwa warmińsko-mazurskiegoEnglish:Coat of arms ofWarmian-Masurian Voivodeship,28
03244358-13dd-4a8b-8dbd-8170d47a9417,21 lutego 2011,flag,https://pl.wikipedia.org//wiki/Plik:POL_wojew%C3%B3dztwo_warmi%C5%84sko-mazurskie_flag.svg,Poznaniak,https://upload.wikimedia.org/wikipedia/commons/d/de/POL_wojew%C3%B3dztwo_warmi%C5%84sko-mazurskie_flag.svg,Praca własna,Flagawojewództwa warmińsko-mazurskiego,28
64ff5240-315f-4dc9-b3c9-4d5c2014d07e,3 listopada 2020,detailed_map,https://pl.wikipedia.org//wiki/Plik:Warmian-Masurian_Voivodeship_administrative_map.svg,SANtosito,https://upload.wikimedia.org/wikipedia/commons/3/35/Warmian-Masurian_Voivodeship_administrative_map.svg,Praca własna,English:Administrative map ofWarmian-Masurian VoivodeshipPolski:Mapa administracyjna województwa warmińsko-mazurskiego,28
ef97c877-9049-40cc-bc20-b1908e9fd361,30 listopada 2011,undetailed_map,https://pl.wikipedia.org//wiki/Plik:Warmian-Masurian_in_Poland_(%2Brivers).svg,TUBS,https://upload.wikimedia.org/wikipedia/commons/5/5a/Warmian-Masurian_in_Poland_%28%2Brivers%29.svg,"Praca własnaTa ^specifik^ z W3Cgrafika wektorowazostała stworzona za pomocąAdobe Illustrator.Ten plik został załadowany za pomocą narzędziaCommonist.Tenobraz wektorowyzawiera elementy, które zostały zaczerpnięte lub zaadaptowane z tego pliku:Poland2 location map.svg(przezNordNordWest).",Deutsch:Lage der Woiwodschaft XY (siehe Dateiname) inPolen.English:Location of voivodeship xy  (see filename) inPoland.,28
20c8c851-ba5f-4706-a5e4-556f8aa86dd3,1 sierpnia 2006(published on Commons),symbol,https://pl.wikipedia.org//wiki/Plik:POL_wojew%C3%B3dztwo_wielkopolskie_COA.svg,Bastian(vector version),https://upload.wikimedia.org/wikipedia/commons/7/7b/POL_wojew%C3%B3dztwo_wielkopolskie_COA.svg,Ta ^specifik^ z W3Cgrafika wektorowazostała stworzona za pomocąInkscape.(based on raster version),Polski:Herb województwawojewództwa wielkopolskiegoEnglish:Wielkopolskie Voivodship Coat of Arms,30
392ec032-0b2a-4b4b-8c95-b241930f7e65,,flag,https://pl.wikipedia.org//wiki/Plik:POL_wojew%C3%B3dztwo_wielkopolskie_flag.svg,,https://upload.wikimedia.org/wikipedia/commons/9/9b/POL_wojew%C3%B3dztwo_wielkopolskie_flag.svg,,,30
401e9d56-d0c4-4097-9176-91b1b614f1dd,29 października 2020,detailed_map,https://pl.wikipedia.org//wiki/Plik:Greater_Poland_Voivodeship_administrative_map.svg,SANtosito,https://upload.wikimedia.org/wikipedia/commons/2/2e/Greater_Poland_Voivodeship_administrative_map.svg,Praca własna,English:Administrative map ofGreater Poland VoivodeshipPolski:Mapa administracyjna województwa wielkopolskiego,30
4c412d17-9dc5-4bbd-a422-856e8811b9bb,30 listopada 2011,undetailed_map,https://pl.wikipedia.org//wiki/Plik:Greater_Poland_in_Poland_(%2Brivers).svg,TUBS,https://upload.wikimedia.org/wikipedia/commons/b/be/Greater_Poland_in_Poland_%28%2Brivers%29.svg,"Praca własnaTa ^specifik^ z W3Cgrafika wektorowazostała stworzona za pomocąAdobe Illustrator.Ten plik został załadowany za pomocą narzędziaCommonist.Tenobraz wektorowyzawiera elementy, które zostały zaczerpnięte lub zaadaptowane z tego pliku:Poland2 location map.svg(przezNordNordWest).",Deutsch:Lage der Woiwodschaft XY (siehe Dateiname) inPolen.English:Location of voivodeship xy  (see filename) inPoland.,30
d084461a-7f2d-4cd3-ac3b-49263a43b85a,17 sierpnia 2006,symbol,https://pl.wikipedia.org//wiki/Plik:POL_wojew%C3%B3dztwo_zachodniopomorskie_COA.svg,"Jerzy Bąk, vectorization:Bastianow(Bastian)",https://upload.wikimedia.org/wikipedia/commons/4/47/POL_wojew%C3%B3dztwo_zachodniopomorskie_COA.svg,Załącznik nr 1do Uchwały Nr XVI/149/2000 Sejmiku Województwa Zachodniopomorskiego z dnia 23 października 2000 r. ws. ustanowienia herbu i flagi Województwa ZachodniopomorskiegoTa ^specifik^ z W3Cgrafika wektorowazostała stworzona za pomocąInkscapeprzezBastianowa(Bastiana) na podstawieZachodniopomorskie herb.png.,Polski:Herb województwazachodniopomorskiegoEnglish:Coat of arms of theGryf (Griffin) dynastyof Pomerania  (from c. 1200) and of the modernZachodniopomorskieVoivodshipSvenska:Vapen för den pommerska ättenGripoch för vojvodskapetVästpommern,32
ff332f55-1435-47a4-91fd-4889f8699c26,18 sierpnia 2006,flag,https://pl.wikipedia.org//wiki/Plik:POL_wojew%C3%B3dztwo_zachodniopomorskie_flag.svg,"flag: Hanna Dąbrowska, then added CoA by Urząd Marszałkowski, vectorizationBastianow",https://upload.wikimedia.org/wikipedia/commons/3/37/POL_wojew%C3%B3dztwo_zachodniopomorskie_flag.svg,Ta ^specifik^ z W3Cgrafika wektorowazostała stworzona za pomocąInkscape.Załącznik nr 2 do Uchwały Nr XVI/149/2000 Sejmiku Województwa Zachodniopomorskiego z dnia 23 października 2000 r. ws. ustanowienia herbu i flagired: Pantone 1795 CVC → RGB 214/40/40gold: Pantone 109 CVC → RGB 249/214/22,Polski:Flaga województwa zachodniopomorskiegoEnglish:Flag of the West Pomeranian VoivodeshipDeutsch:Flagge der Woiwodschaft Westpommern,32
3e1c395e-2376-47c5-b1c5-3e9d0374fb95,9 listopada 2020,detailed_map,https://pl.wikipedia.org//wiki/Plik:West_Pomeranian_Voivodeship_administrative_map.svg,SANtosito,https://upload.wikimedia.org/wikipedia/commons/f/fc/West_Pomeranian_Voivodeship_administrative_map.svg,Praca własna,English:Administrative map ofWest Pomeranian VoivodeshipPolski:Mapa administracyjna województwa zachodniopomorskiego,32
0429b54a-4cae-4438-90f4-ac7686ddd3b6,30 listopada 2011,undetailed_map,https://pl.wikipedia.org//wiki/Plik:West_Pomeranian_in_Poland_(%2Brivers).svg,TUBS,https://upload.wikimedia.org/wikipedia/commons/a/ae/West_Pomeranian_in_Poland_%28%2Brivers%29.svg,"Praca własnaTa ^specifik^ z W3Cgrafika wektorowazostała stworzona za pomocąAdobe Illustrator.Ten plik został załadowany za pomocą narzędziaCommonist.Tenobraz wektorowyzawiera elementy, które zostały zaczerpnięte lub zaadaptowane z tego pliku:Poland2 location map.svg(przezNordNordWest).",Deutsch:Lage der Woiwodschaft XY (siehe Dateiname) inPolen.English:Location of voivodeship xy  (see filename) inPoland.,32
